{
  "timestamp": "2026-02-07T20:38:55.379962",
  "experiment": "robustness_analysis",
  "parameters": {
    "gate_time_ns": 20.0,
    "anharmonicity_mhz": -200.0,
    "n_slices": 50,
    "grape_max_iter": 500,
    "detuning_mhz_range": 5.0,
    "detuning_n_points": 41,
    "amplitude_error_range": 0.05,
    "amplitude_n_points": 41
  },
  "detuning_mhz": [
    -5.0,
    -4.75,
    -4.5,
    -4.25,
    -4.0,
    -3.75,
    -3.5,
    -3.25,
    -3.0,
    -2.75,
    -2.5,
    -2.25,
    -2.0,
    -1.75,
    -1.5,
    -1.25,
    -1.0,
    -0.75,
    -0.5,
    -0.25,
    0.0,
    0.25,
    0.5,
    0.75,
    1.0,
    1.25,
    1.5,
    1.75,
    2.0,
    2.25,
    2.5,
    2.75,
    3.0,
    3.25,
    3.5,
    3.75,
    4.0,
    4.25,
    4.5,
    4.75,
    5.0
  ],
  "detuning_radns": [
    -0.031415926535897934,
    -0.029845130209103034,
    -0.02827433388230814,
    -0.026703537555513242,
    -0.025132741228718346,
    -0.023561944901923447,
    -0.02199114857512855,
    -0.02042035224833366,
    -0.01884955592153876,
    -0.01727875959474386,
    -0.015707963267948967,
    -0.01413716694115407,
    -0.012566370614359173,
    -0.010995574287564275,
    -0.00942477796076938,
    -0.007853981633974483,
    -0.006283185307179587,
    -0.00471238898038469,
    -0.0031415926535897933,
    -0.0015707963267948967,
    0.0,
    0.0015707963267948967,
    0.0031415926535897933,
    0.00471238898038469,
    0.006283185307179587,
    0.007853981633974483,
    0.00942477796076938,
    0.010995574287564275,
    0.012566370614359173,
    0.01413716694115407,
    0.015707963267948967,
    0.01727875959474386,
    0.01884955592153876,
    0.02042035224833366,
    0.02199114857512855,
    0.023561944901923447,
    0.025132741228718346,
    0.026703537555513242,
    0.02827433388230814,
    0.029845130209103034,
    0.031415926535897934
  ],
  "amplitude_errors": [
    -0.05,
    -0.0475,
    -0.045000000000000005,
    -0.0425,
    -0.04,
    -0.037500000000000006,
    -0.035,
    -0.0325,
    -0.030000000000000002,
    -0.027500000000000004,
    -0.025,
    -0.022500000000000003,
    -0.020000000000000004,
    -0.0175,
    -0.015,
    -0.012500000000000004,
    -0.010000000000000002,
    -0.0075,
    -0.0050000000000000044,
    -0.0025000000000000022,
    0.0,
    0.0024999999999999953,
    0.0049999999999999975,
    0.0075,
    0.009999999999999995,
    0.012499999999999997,
    0.015,
    0.0175,
    0.020000000000000004,
    0.022499999999999992,
    0.024999999999999994,
    0.027499999999999997,
    0.03,
    0.0325,
    0.035,
    0.037500000000000006,
    0.039999999999999994,
    0.042499999999999996,
    0.045,
    0.0475,
    0.05
  ],
  "results_2level": {
    "gaussian": {
      "detuning_fidelities": [
        0.9931750067508683,
        0.9938368702520457,
        0.9944651902627062,
        0.9950599041208125,
        0.9956209524931987,
        0.9961482793852364,
        0.996641832149957,
        0.9971015614966561,
        0.9975274214989168,
        0.9979193696021172,
        0.9982773666303747,
        0.998601376792938,
        0.9988913676900427,
        0.9991473103181898,
        0.9993691790748979,
        0.9995569517628765,
        0.9997106095936618,
        0.9998301371906838,
        0.9999155225917769,
        0.9999667572511451,
        0.9999838360407488,
        0.9999667572511451,
        0.9999155225917769,
        0.9998301371906838,
        0.9997106095936618,
        0.9995569517628765,
        0.9993691790748979,
        0.9991473103181898,
        0.9988913676900427,
        0.998601376792938,
        0.9982773666303747,
        0.9979193696021172,
        0.9975274214989168,
        0.9971015614966561,
        0.996641832149957,
        0.9961482793852364,
        0.9956209524931987,
        0.9950599041208125,
        0.9944651902627062,
        0.9938368702520457,
        0.9931750067508683
      ],
      "detuning_nominal": 0.9999838360407488,
      "detuning_min": 0.9931750067508683,
      "detuning_mean": 0.9975977992648526,
      "amplitude_fidelities": [
        0.9932322771118974,
        0.9938594146526636,
        0.9944562443611328,
        0.9950227296102557,
        0.995558835635202,
        0.9960645295354877,
        0.9965397802770075,
        0.9969845586939328,
        0.9973988374904985,
        0.9977825912426844,
        0.9981357963997711,
        0.998458431285786,
        0.9987504761008361,
        0.9990119129223223,
        0.9992427257060316,
        0.9994429002871373,
        0.9996124243810536,
        0.999751287584194,
        0.999859481374618,
        0.999936999112541,
        0.9999838360407488,
        0.9999999892848892,
        0.9999854578536526,
        0.9999402426388163,
        0.9998643464152138,
        0.9997577738405472,
        0.9996205314551021,
        0.9994526276813592,
        0.9992540728234622,
        0.9990248790665974,
        0.9987650604762329,
        0.9984746329972697,
        0.9981536144530501,
        0.9978020245442784,
        0.9974198848477989,
        0.9970072188152764,
        0.9965640517717576,
        0.9960904109141168,
        0.995586325309389,
        0.9950518258929771,
        0.9944869454667657
      ],
      "amplitude_nominal": 0.9999838360407488,
      "amplitude_min": 0.9932322771118974,
      "amplitude_mean": 0.9978387313744966
    },
    "drag": {
      "detuning_fidelities": [
        0.9929679807037,
        0.9922634908195246,
        0.9915246594575543,
        0.9907515610415095,
        0.9899442734645872,
        0.9891028780766221,
        0.9882274596707185,
        0.9873181064692975,
        0.9863749101095711,
        0.9853979656284726,
        0.9843873714470105,
        0.9833432293540938,
        0.9822656444897774,
        0.9811547253279784,
        0.9800105836586459,
        0.9788333345693989,
        0.977623096426601,
        0.97637999085595,
        0.9751041427224991,
        0.9737956801101825,
        0.9724547343008113,
        0.9710814397525664,
        0.9696759340779716,
        0.9682383580213783,
        0.9667688554359429,
        0.9652675732601158,
        0.9637346614936337,
        0.9621702731730647,
        0.9605745643468165,
        0.9589476940497382,
        0.9572898242772152,
        0.9556011199588208,
        0.9538817489315097,
        0.9521318819123716,
        0.9503516924709405,
        0.9485413570010576,
        0.9467010546923267,
        0.9448309675011279,
        0.9429312801212317,
        0.9410021799539893,
        0.9390438570781308
      ],
      "detuning_nominal": 0.9724547343008113,
      "detuning_min": 0.9390438570781308,
      "detuning_mean": 0.9701949301515721,
      "amplitude_fidelities": [
        0.9690865021863976,
        0.969545715623867,
        0.9699744323613008,
        0.9703726251938211,
        0.9707402688421705,
        0.9710773399543292,
        0.9713838171070213,
        0.9716596808070479,
        0.9719049134925731,
        0.972119499534221,
        0.9723034252360919,
        0.97245667883664,
        0.9725792505094347,
        0.9726711323637975,
        0.9727323184453138,
        0.9727628047362344,
        0.9727625891557382,
        0.972731671560091,
        0.9726700537426651,
        0.9725777394338438,
        0.9724547343008113,
        0.9723010459472151,
        0.9721166839126878,
        0.9719016596722927,
        0.9716559866357932,
        0.9713796801468357,
        0.9710727574820034,
        0.9707352378497419,
        0.9703671423891759,
        0.9699684941687745,
        0.9695393181849339,
        0.96907964136042,
        0.9685894925426786,
        0.9680689025020452,
        0.9675179039298164,
        0.9669365314362165,
        0.9663248215482275,
        0.9656828127073058,
        0.965010545266986,
        0.964308061490337,
        0.963575405547339
      ],
      "amplitude_nominal": 0.9724547343008113,
      "amplitude_min": 0.963575405547339,
      "amplitude_mean": 0.9703097394669327
    },