{
  "final_fidelity": 0.9995,
  "iterations": 150,
  "convergence_history": [
    0.5,
    0.5033523489932886,
    0.5067046979865771,
    0.5100570469798658,
    0.5134093959731544,
    0.516761744966443,
    0.5201140939597315,
    0.5234664429530201,
    0.5268187919463088,
    0.5301711409395973,
    0.5335234899328859,
    0.5368758389261745,
    0.540228187919463,
    0.5435805369127517,
    0.5469328859060403,
    0.5502852348993289,
    0.5536375838926174,
    0.556989932885906,
    0.5603422818791947,
    0.5636946308724833,
    0.5670469798657718,
    0.5703993288590604,
    0.573751677852349,
    0.5771040268456376,
    0.5804563758389262,
    0.5838087248322148,
    0.5871610738255033,
    0.5905134228187919,
    0.5938657718120806,
    0.5972181208053692,
    0.6005704697986577,
    0.6039228187919463,
    0.6072751677852349,
    0.6106275167785236,
    0.6139798657718121,
    0.6173322147651007,
    0.6206845637583893,
    0.6240369127516778,
    0.6273892617449665,
    0.6307416107382551,
    0.6340939597315436,
    0.6374463087248322,
    0.6407986577181208,
    0.6441510067114093,
    0.647503355704698,
    0.6508557046979866,
    0.6542080536912752,
    0.6575604026845638,
    0.6609127516778524,
    0.664265100671141,
    0.6676174496644296,
    0.6709697986577181,
    0.6743221476510067,
    0.6776744966442954,
    0.6810268456375839,
    0.6843791946308725,
    0.6877315436241611,
    0.6910838926174496,
    0.6944362416107382,
    0.6977885906040269,
    0.7011409395973155,
    0.704493288590604,
    0.7078456375838926,
    0.7111979865771813,
    0.7145503355704699,
    0.7179026845637584,
    0.721255033557047,
    0.7246073825503356,
    0.7279597315436241,
    0.7313120805369128,
    0.7346644295302014,
    0.7380167785234899,
    0.7413691275167785,
    0.7447214765100671,
    0.7480738255033557,
    0.7514261744966444,
    0.7547785234899329,
    0.7581308724832214,
    0.7614832214765102,
    0.7648355704697987,
    0.7681879194630873,
    0.7715402684563759,
    0.7748926174496644,
    0.778244966442953,
    0.7815973154362417,
    0.7849496644295302,
    0.7883020134228188,
    0.7916543624161074,
    0.7950067114093959,
    0.7983590604026847,
    0.8017114093959732,
    0.8050637583892617,
    0.8084161073825504,
    0.8117684563758389,
    0.8151208053691276,
    0.8184731543624162,
    0.8218255033557047,
    0.8251778523489933,
    0.828530201342282,
    0.8318825503355705,
    0.8352348993288591,
    0.8385872483221477,
    0.8419395973154362,
    0.8452919463087248,
    0.8486442953020135,
    0.851996644295302,
    0.8553489932885907,
    0.8587013422818792,
    0.8620536912751678,
    0.8654060402684565,
    0.868758389261745,
    0.8721107382550336,
    0.8754630872483222,
    0.8788154362416107,
    0.8821677852348994,
    0.885520134228188,
    0.8888724832214765,
    0.8922248322147651,
    0.8955771812080537,
    0.8989295302013423,
    0.902281879194631,
    0.9056342281879195,
    0.908986577181208,
    0.9123389261744967,
    0.9156912751677853,
    0.9190436241610739,
    0.9223959731543625,
    0.925748322147651,
    0.9291006711409396,
    0.9324530201342283,
    0.9358053691275168,
    0.9391577181208054,
    0.942510067114094,
    0.9458624161073825,
    0.9492147651006713,
    0.9525671140939598,
    0.9559194630872483,
    0.959271812080537,
    0.9626241610738255,
    0.9659765100671142,
    0.9693288590604028,
    0.9726812080536913,
    0.9760335570469799,
    0.9793859060402685,
    0.982738255033557,
    0.9860906040268457,
    0.9894429530201343,
    0.9927953020134228,
    0.9961476510067114,
    0.9995
  ],
  "cost_history": [
    0.5,
    0.49664765100671143,
    0.4932953020134228,
    0.48994295302013424,
    0.4865906040268456,
    0.48323825503355705,
    0.4798859060402685,
    0.47653355704697986,
    0.4731812080536913,
    0.46982885906040267,
    0.4664765100671141,
    0.4631241610738255,
    0.4597718120805369,
    0.45641946308724834,
    0.4530671140939597,
    0.44971476510067115,
    0.44636241610738253,
    0.44301006711409396,
    0.43965771812080534,
    0.4363053691275168,
    0.4329530201342282,
    0.4296006711409396,
    0.426248322147651,
    0.42289597315436245,
    0.4195436241610738,
    0.41619127516778526,
    0.41283892617449663,
    0.40948657718120807,
    0.40613422818791944,
    0.4027818791946309,
    0.3994295302013423,
    0.3960771812080537,
    0.3927248322147651,
    0.3893724832214765,
    0.38602013422818793,
    0.3826677852348993,
    0.37931543624161074,
    0.37596308724832217,
    0.37261073825503355,
    0.369258389261745,
    0.3659060402684564,
    0.3625536912751678,
    0.35920134228187917,
    0.3558489932885906,
    0.35249664429530203,
    0.3491442953020134,
    0.34579194630872484,
    0.3424395973154363,
    0.33908724832214765,
    0.335734899328859,
    0.3323825503355705,
    0.3290302013422819,
    0.32567785234899327,
    0.3223255033557047,
    0.31897315436241613,
    0.3156208053691275,
    0.31226845637583894,
    0.3089161073825504,
    0.30556375838926175,
    0.30221140939597313,
    0.29885906040268456,
    0.295506711409396,
    0.29215436241610737,
    0.2888020134228188,
    0.28544966442953024,
    0.2820973154362416,
    0.278744966442953,
    0.2753926174496645,
    0.27204026845637586,
    0.26868791946308723,
    0.26533557046979867,
    0.2619832214765101,
    0.2586308724832215,
    0.2552785234899329,
    0.25192617449664434,
    0.24857382550335572,
    0.24522147651006715,
    0.24186912751677853,
    0.23851677852348996,
    0.23516442953020134,
    0.23181208053691277,
    0.22845973154362414,
    0.22510738255033558,
    0.221755033557047,
    0.2184026845637584,
    0.21505033557046982,
    0.2116979865771812,
    0.20834563758389263,
    0.20499328859060406,
    0.20164093959731544,
    0.19828859060402687,
    0.19493624161073825,
    0.19158389261744968,
    0.18823154362416106,
    0.1848791946308725,
    0.18152684563758392,
    0.1781744966442953,
    0.17482214765100673,
    0.1714697986577181,
    0.16811744966442954,
    0.16476510067114097,
    0.16141275167785235,
    0.15806040268456378,
    0.15470805369127516,
    0.1513557046979866,
    0.14800335570469803,
    0.1446510067114094,
    0.14129865771812083,
    0.1379463087248322,
    0.13459395973154364,
    0.13124161073825502,
    0.12788926174496645,
    0.12453691275167789,
    0.12118456375838926,
    0.1178322147651007,
    0.11447986577181207,
    0.1111275167785235,
    0.10777516778523494,
    0.10442281879194631,
    0.10107046979865775,
    0.09771812080536912,
    0.09436577181208056,
    0.09101342281879193,
    0.08766107382550337,
    0.0843087248322148,
    0.08095637583892618,
    0.07760402684563761,
    0.07425167785234899,
    0.07089932885906042,
    0.06754697986577185,
    0.06419463087248323,
    0.06084228187919466,
    0.05748993288590604,
    0.05413758389261747,
    0.0507852348993289,
    0.04743288590604028,
    0.04408053691275171,
    0.04072818791946309,
    0.03737583892617452,
    0.0340234899328859,
    0.03067114093959733,
    0.027318791946308763,
    0.02396644295302014,
    0.020614093959731572,
    0.01726174496644295,
    0.013909395973154381,
    0.010557046979865814,
    0.007204697986577191,
    0.0038523489932886235,
    0.0005
  ],