{
  "timestamp": "2025-11-09T21:07:39.968043",
  "system": "single_qubit_closed_system",
  "target_gate": "X_gate",
  "parameters": {
    "total_time_ns": 20.0,
    "n_timeslices": 50,
    "sigma_ns": 3.3333333333333335,
    "amplitude": 0.5
  },
  "results": {
    "final_fidelity": 0.33402955281629204,
    "final_fidelity_percent": 33.402955281629204,
    "gate_error": 0.665970447183708,
    "gate_error_percent": 66.5970447183708
  },
  "pulse": [
    0.005554498269121158,
    0.007960232125261847,
    0.011238152591465739,
    0.015629763732476716,
    0.0214140196786934,
    0.028902291561525156,
    0.03842860807688954,
    0.050334449886448925,
    0.06494777759263018,
    0.08255655445042061,
    0.10337776042633161,
    0.12752372075944485,
    0.15496839242815316,
    0.18551694165308036,
    0.21878236885013466,
    0.2541729681450895,
    0.29089395519998856,
    0.3279656267702696,
    0.36425897144474684,
    0.39854785956373656,
    0.42957500235543583,
    0.4561270384142726,
    0.47711264761893185,
    0.4916367480073091,
    0.4990637680882196,
    0.4990637680882196,
    0.4916367480073091,
    0.4771126476189318,
    0.4561270384142726,
    0.42957500235543583,
    0.3985478595637364,
    0.3642589714447468,
    0.3279656267702696,
    0.29089395519998856,
    0.2541729681450895,
    0.21878236885013458,
    0.18551694165308036,
    0.15496839242815316,
    0.12752372075944474,
    0.10337776042633154,
    0.08255655445042061,
    0.06494777759263018,
    0.050334449886448925,
    0.03842860807688955,
    0.028902291561525118,
    0.021414019678693372,
    0.015629763732476695,
    0.011238152591465739,
    0.007960232125261847,
    0.005554498269121158
  ],
  "times": [
    0.0,
    0.40816326530612246,
    0.8163265306122449,
    1.2244897959183674,
    1.6326530612244898,
    2.0408163265306123,
    2.4489795918367347,
    2.857142857142857,
    3.2653061224489797,
    3.673469387755102,
    4.081632653061225,
    4.4897959183673475,
    4.8979591836734695,
    5.3061224489795915,
    5.714285714285714,
    6.122448979591837,
    6.530612244897959,
    6.938775510204081,
    7.346938775510204,
    7.755102040816327,
    8.16326530612245,
    8.571428571428571,
    8.979591836734695,
    9.387755102040817,
    9.795918367346939,
    10.204081632653061,
    10.612244897959183,
    11.020408163265307,
    11.428571428571429,
    11.83673469387755,
    12.244897959183675,
    12.653061224489797,
    13.061224489795919,
    13.46938775510204,
    13.877551020408163,
    14.285714285714286,
    14.693877551020408,
    15.10204081632653,
    15.510204081632654,
    15.918367346938776,
    16.3265306122449,
    16.73469387755102,
    17.142857142857142,
    17.551020408163264,
    17.95918367346939,
    18.367346938775512,
    18.775510204081634,
    19.183673469387756,
    19.591836734693878,
    20.0
  ],
  "method": "GAUSSIAN",
  "verification_status": "ACTUAL_SIMULATION_RUN"
}