{
  "timestamp": "2025-11-09T21:10:22.913405",
  "system": "single_qubit_closed_system",
  "target_gate": "X_gate",
  "parameters": {
    "n_timeslices": 50,
    "total_time_ns": 20.0,
    "max_iterations": 200,
    "learning_rate": 0.1,
    "convergence_threshold": 0.0001,
    "random_seed": 42
  },
  "results": {
    "final_fidelity": 0.9913695910680896,
    "final_fidelity_percent": 99.13695910680896,
    "gate_error": 0.00863040893191036,
    "gate_error_percent": 0.863040893191036,
    "n_iterations": 200,
    "converged": false,
    "optimization_time_seconds": 12.635548830032349,
    "message": "Max iterations reached"
  },
  "convergence_history": [
    0.33334674487661414,
    0.3333640268046094,
    0.33340309658400785,
    0.33349080953869586,
    0.33368634043156226,
    0.3341190444035819,
    0.33506913192595156,
    0.33713668694703386,
    0.3415858608898171,
    0.3510086651295175,
    0.37046081180800416,
    0.4088544850025782,
    0.47868221458801835,
    0.5883796933125098,
    0.7236809278476309,
    0.8422506675191038,
    0.9135340235893485,
    0.9456588291127522,
    0.9585540620919506,
    0.9639855942142402,
    0.9666548394624819,
    0.96821692758407,
    0.9692525608845554,
    0.9699842999029112,
    0.9705140499200436,
    0.9708996890839797,
    0.9711799767556418,
    0.9713831620071023,
    0.9715304823449014,
    0.9716380063278512,
    0.9717178603548909,
    0.9717791508126078,
    0.971828683136069,
    0.9718715229433433,
    0.971911429657346,
    0.9719511879005048,
    0.9719928583324743,
    0.9720379660369881,
    0.9720876411199407,
    0.9721427230913502,
    0.9722038379941308,
    0.9722714551285008,
    0.9723459285569881,
    0.9724275272902584,
    0.9725164570756442,
    0.9726128759713238,
    0.9727169053346537,
    0.9728286374386008,
    0.9729481406209572,
    0.973075462640681,
    0.9732106327440864,
    0.9733536628159247,
    0.9735045478951717,
    0.9736632662642709,
    0.9738297792676397,
    0.9740040309754869,
    0.97418594777924,
    0.9743754379825047,
    0.9745723914344867,
    0.9747766792400697,
    0.9749881535707493,
    0.9752066475932063,
    0.9754319755262655,
    0.9756639328323863,
    0.9759022965461271,
    0.9761468257389275,
    0.976397262117192,
    0.9766533307484959,
    0.9769147409090929,
    0.9771811870444497,
    0.9774523498332766,
    0.9777278973446027,
    0.9780074862765765,
    0.9782907632650796,
    0.9785773662497501,
    0.9788669258847459,
    0.9791590669814402,
    0.9794534099702465,
    0.9797495723689408,
    0.9800471702452027,
    0.9803458196615183,
    0.9806451380911302,
    0.9809447457945005,
    0.9812442671464622,
    0.9815433319051351,
    0.9818415764146725,
    0.9821386447348065,
    0.9824341896913656,
    0.982727873842808,
    0.9830193703590432,
    0.9833083638097886,
    0.9835945508607637,
    0.9838776408770403,
    0.9841573564337583,
    0.9844334337353873,
    0.9847056229454264,
    0.9849736884292796,
    0.9852374089135986,
    0.9854965775660368,
    0.98575100199979,
    0.9860005042077199,
    0.9862449204311661,
    0.9864841009687487,
    0.9867179099306504,
    0.986946224943915,
    0.9871689368143062,
    0.987385949150207,
    0.9875971779539352,
    0.9878025511856601,
    0.9880020083049326,
    0.9881954997945496,
    0.9883829866712709,
    0.9885644399875103,
    0.9887398403279457,
    0.9889091773045239,
    0.9890724490531477,
    0.9892296617349171,
    0.9893808290445151,
    0.9895259717279901,
    0.9896651171119215,
    0.9897982986456378,
    0.9899255554578676,
    0.9900469319289873,
    0.9901624772797755,
    0.9902722451773132,
    0.9903762933585848,
    0.9904746832719772,
    0.9905674797369026,
    0.9906547506214762,
    0.9907365665381075,
    0.990813000556785,
    0.9908841279356535,
    0.9909500258684982,
    0.9910107732485987,
    0.9910664504484265,
    0.9911171391145709,
    0.9911629219772696,
    0.9912038826738908,
    0.9912401055856933,
    0.9912716756872156,
    0.9912986784075727,
    0.9913211995030217,
    0.9913393249401375,
    0.9913531407889193,
    0.9913627331252303,
    0.9913681879419235,
    0.9913695910680896,
    0.9913695910680896,
    0.9913695910680896,
    0.9913695910680896,
    0.9913695910680896,
    0.9913695910680896,
    0.9913695910680896,
    0.9913695910680896,
    0.9913695910680896,
    0.9913695910680896,
    0.9913695910680896,
    0.9913695910680896,
    0.9913695910680896,
    0.9913695910680896,
    0.9913695910680896,
    0.9913695910680896,
    0.9913695910680896,
    0.9913695910680896,
    0.9913695910680896,
    0.9913695910680896,
    0.9913695910680896,
    0.9913695910680896,
    0.9913695910680896,
    0.9913695910680896,
    0.9913695910680896,
    0.9913695910680896,
    0.9913695910680896,
    0.9913695910680896,
    0.9913695910680896,
    0.9913695910680896,
    0.9913695910680896,
    0.9913695910680896,
    0.9913695910680896,
    0.9913695910680896,
    0.9913695910680896,
    0.9913695910680896,
    0.9913695910680896,
    0.9913695910680896,
    0.9913695910680896,
    0.9913695910680896,
    0.9913695910680896,
    0.9913695910680896,
    0.9913695910680896,
    0.9913695910680896,
    0.9913695910680896,
    0.9913695910680896,
    0.9913695910680896,
    0.9913695910680896,
    0.9913695910680896,
    0.9913695910680896,
    0.9913695910680896,
    0.9913695910680896,
    0.9913695910680896,
    0.9913695910680896,
    0.9913695910680896
  ],