{
  "timestamp": "2025-11-09T18:36:28.038556",
  "T1_values": [
    1e-05,
    2e-05,
    3e-05,
    5e-05,
    7.5e-05,
    0.0001
  ],
  "T2_ratio": 1.4,
  "grape_fidelities": [
    0.04469881162436208,
    0.03161472793410055,
    0.025815463604908936,
    0.019997898092123576,
    0.01632875246459547,
    0.014141343884259121
  ],
  "gaussian_fidelities": [
    0.04469881162436208,
    0.03161472793410055,
    0.025815463604908936,
    0.019997898092123576,
    0.01632875246459547,
    0.014141343884259121
  ],
  "verification": "ACTUAL_PARAMETER_SWEEP"
}